{
    "modules": {
        "thumbnail": false,
        "readingBookmark": false,
        "outline": false,
        "tools": {
            "Insert": false,
            "Eraser": true,
            "Line": true,
            "Selection": false,
            "Underline": false,
            "Replace": false,
            "StrikeOut": false,
            "Note": true,
            "Highlight": true,
            "Squiggly": false,
            "Oval": false,
            "Arrow": true,
            "Freetext": false,
            "Stamp": true,
            "Rectangle": false,
            "Pencil": true,
            "Image": true,
        },
        "attachment": false,
        "signature": false,
        "search": true,
        "pageNavigation": false,
        "form": false,
        "encryption": true
    }
}
